{
  "solr": {
    "latency_avg": 34.500910902023314,
    "recall@10": 0.7333333333333333,
    "mrr": 0.8333333333333334,
    "ndcg": 0.6388376014075577,
    "rouge_l": 0.08466403642731153,
    "llm_as_judge": 0.9400000000000001
  },
  "milvus": {
    "latency_avg": 28.45441288948059,
    "recall@10": 0.7333333333333333,
    "mrr": 0.8,
    "ndcg": 0.6675936069089876,
    "rouge_l": 0.0946262553854222,
    "llm_as_judge": 0.95
  }
}