{
  "solr": {
    "latency_avg": 30.291291395823162,
    "recall@10": 0.0,
    "mrr": 0.0,
    "ndcg": 0.0,
    "rouge_l": 0.1540266874783713,
    "llm_as_judge": 0.8333333333333334
  },
  "milvus": {
    "latency_avg": 35.188954989115395,
    "recall@10": 0.0,
    "mrr": 0.0,
    "ndcg": 0.0,
    "rouge_l": 0.15336633371483155,
    "llm_as_judge": 0.9
  }
}